{"name":"Wrench","position":[10.0,8.5,0.0],"rotation":[0.0,0.0,0.0,1.0],"scale":[15.0,15.0,15.0]}
{"name":"72T-Gear","position":[12.0,8.5,0.0],"rotation":[0.0,0.0,0.0,1.0],"scale":[10.0,10.0,10.0]}
{"name":"Pliers","position":[12.0,6.0,0.0],"rotation":[-0.7071068286895752,0.0,0.0,0.7071068286895752],"scale":[5.0,5.0,5.0]}
